ts_iso,phase,endpoint,store_id,target_rate,seq,status,latency_ms,limit,remaining,retry_after,note
2026-08-25T05:55:18.218+00:00,A,product/search,3154,,1,200,567,60,59,,isolated
2026-08-25T05:55:30.779+00:00,A,product/search,3154,,2,200,561,60,58,,isolated
2026-08-25T05:55:43.346+00:00,A,product/search,3154,,3,200,566,60,57,,isolated
2026-08-25T05:55:55.912+00:00,A,product/search,3154,,4,200,566,60,56,,isolated
2026-08-25T05:56:08.698+00:00,A,product/search,3154,,5,200,785,60,55,,isolated
2026-08-25T05:56:21.251+00:00,A,product/search,3154,,6,200,553,60,59,,isolated
2026-08-25T05:56:33.808+00:00,A,product/search,3154,,7,200,556,60,58,,isolated
2026-08-25T05:56:46.385+00:00,A,product/search,3154,,8,200,577,60,57,,isolated
2026-08-25T05:57:56.962+00:00,B,product/search,3154,,1,200,575,60,59,,burst
2026-08-25T05:57:57.518+00:00,B,product/search,3154,,2,200,556,60,58,,burst
2026-08-25T05:57:58.069+00:00,B,product/search,3154,,3,200,551,60,57,,burst
2026-08-25T05:57:58.636+00:00,B,product/search,3154,,4,200,567,60,56,,burst
2026-08-25T05:57:59.170+00:00,B,product/search,3154,,5,200,533,60,55,,burst
2026-08-25T05:57:59.726+00:00,B,product/search,3154,,6,200,556,60,54,,burst
2026-08-25T05:58:00.297+00:00,B,product/search,3154,,7,200,571,60,53,,burst
2026-08-25T05:58:00.857+00:00,B,product/search,3154,,8,200,560,60,52,,burst
2026-08-25T05:58:01.408+00:00,B,product/search,3154,,9,200,550,60,51,,burst
2026-08-25T05:58:01.986+00:00,B,product/search,3154,,10,200,578,60,50,,burst
2026-08-25T05:58:07.573+00:00,B,product/search,3154,,100,200,587,60,49,,recovery+5s
2026-08-25T05:58:13.113+00:00,B,product/search,3154,,101,200,539,60,48,,recovery+10s
2026-08-25T05:58:18.674+00:00,B,product/search,3154,,102,200,560,60,47,,recovery+15s
2026-08-25T05:58:24.217+00:00,B,product/search,3154,,103,200,542,60,46,,recovery+20s
2026-08-25T05:58:29.781+00:00,B,product/search,3154,,104,200,564,60,45,,recovery+25s
2026-08-25T05:58:35.344+00:00,B,product/search,3154,,105,200,563,60,44,,recovery+30s
2026-08-25T05:58:40.922+00:00,B,product/search,3154,,106,200,577,60,43,,recovery+35s
2026-08-25T05:58:46.486+00:00,B,product/search,3154,,107,200,564,60,42,,recovery+40s
2026-08-25T05:58:52.049+00:00,B,product/search,3154,,108,200,562,60,41,,recovery+45s
2026-08-25T05:58:57.607+00:00,B,product/search,3154,,109,200,559,60,59,,recovery+50s
2026-08-25T05:59:03.186+00:00,B,product/search,3154,,110,200,578,60,58,,recovery+55s
2026-08-25T05:59:08.730+00:00,B,product/search,3154,,111,200,544,60,57,,recovery+60s
2026-08-25T05:59:14.294+00:00,B,product/search,3154,,112,200,564,60,56,,recovery+65s
2026-08-25T05:59:19.882+00:00,B,product/search,3154,,113,200,587,60,55,,recovery+70s
2026-08-25T05:59:25.450+00:00,B,product/search,3154,,114,200,568,60,54,,recovery+75s
2026-08-25T05:59:31.018+00:00,B,product/search,3154,,115,200,567,60,53,,recovery+80s
2026-08-25T05:59:36.575+00:00,B,product/search,3154,,116,200,556,60,52,,recovery+85s
2026-08-25T05:59:42.164+00:00,B,product/search,3154,,117,200,589,60,51,,recovery+90s
2026-08-25T05:59:47.742+00:00,B,product/search,3154,,118,200,578,60,50,,recovery+95s
2026-08-25T05:59:53.321+00:00,B,product/search,3154,,119,200,579,60,49,,recovery+100s
2026-08-25T05:59:58.882+00:00,B,product/search,3154,,120,200,560,60,59,,recovery+105s
2026-08-25T06:00:04.445+00:00,B,product/search,3154,,121,200,563,60,58,,recovery+110s
2026-08-25T06:00:10.007+00:00,B,product/search,3154,,122,200,561,60,57,,recovery+115s
2026-08-25T06:00:15.949+00:00,B,product/search,3154,,123,200,942,60,56,,recovery+120s
2026-08-25T06:01:26.846+00:00,D,scan-multiple-items,3154,,1,200,896,60,59,,control before
2026-08-25T06:01:27.406+00:00,D,product/search,3154,,2,200,560,60,58,,control search
2026-08-25T06:01:27.969+00:00,D,product/search,3154,,10,200,563,60,57,,consume on search
2026-08-25T06:01:28.520+00:00,D,product/search,3154,,11,200,550,60,56,,consume on search
2026-08-25T06:01:29.154+00:00,D,product/search,3154,,12,200,634,60,55,,consume on search
2026-08-25T06:01:29.822+00:00,D,product/search,3154,,13,200,668,60,54,,consume on search
2026-08-25T06:01:31.229+00:00,D,product/search,3154,,14,200,1406,60,53,,consume on search
2026-08-25T06:01:31.833+00:00,D,product/search,3154,,15,200,604,60,52,,consume on search
2026-08-25T06:01:32.571+00:00,D,product/search,3154,,16,200,738,60,51,,consume on search
2026-08-25T06:01:33.141+00:00,D,product/search,3154,,17,200,570,60,50,,consume on search
2026-08-25T06:01:33.707+00:00,D,product/search,3154,,18,200,566,60,49,,consume on search
2026-08-25T06:01:34.259+00:00,D,product/search,3154,,19,200,552,60,48,,consume on search
2026-08-25T06:01:34.822+00:00,D,product/search,3154,,90,200,562,60,47,,"after consume, search"
2026-08-25T06:01:35.491+00:00,D,scan-multiple-items,3154,,91,200,669,60,46,,"after consume, scan"
2026-08-25T06:02:12.535+00:00,A,product/search,3154,,1,200,615,60,45,,isolated
2026-08-25T06:02:25.137+00:00,A,product/search,3154,,2,200,601,60,44,,isolated
2026-08-25T06:02:38.090+00:00,A,product/search,3154,,3,200,952,60,59,,isolated
2026-08-25T06:02:50.643+00:00,A,product/search,3154,,4,200,553,60,58,,isolated
2026-08-25T06:03:03.277+00:00,A,product/search,3154,,5,200,633,60,57,,isolated
2026-08-25T06:03:15.893+00:00,A,product/search,3154,,6,200,616,60,56,,isolated
2026-08-25T06:03:28.464+00:00,A,product/search,3154,,7,200,571,60,55,,isolated
2026-08-25T06:03:41.043+00:00,A,product/search,3154,,8,200,578,60,59,,isolated
2026-08-25T06:04:51.645+00:00,B,product/search,3154,,1,200,602,60,59,,burst
2026-08-25T06:04:52.193+00:00,B,product/search,3154,,2,200,548,60,58,,burst
2026-08-25T06:04:52.756+00:00,B,product/search,3154,,3,200,563,60,57,,burst
2026-08-25T06:04:53.306+00:00,B,product/search,3154,,4,200,549,60,56,,burst
2026-08-25T06:04:53.860+00:00,B,product/search,3154,,5,200,554,60,55,,burst
2026-08-25T06:04:54.445+00:00,B,product/search,3154,,6,200,585,60,54,,burst
2026-08-25T06:04:55.042+00:00,B,product/search,3154,,7,200,597,60,53,,burst
2026-08-25T06:04:55.634+00:00,B,product/search,3154,,8,200,592,60,52,,burst
2026-08-25T06:04:56.242+00:00,B,product/search,3154,,9,200,608,60,51,,burst
2026-08-25T06:04:56.801+00:00,B,product/search,3154,,10,200,559,60,50,,burst
2026-08-25T06:05:02.383+00:00,B,product/search,3154,,100,200,582,60,49,,recovery+5s
2026-08-25T06:05:08.010+00:00,B,product/search,3154,,101,200,626,60,48,,recovery+10s
2026-08-25T06:05:13.579+00:00,B,product/search,3154,,102,200,568,60,47,,recovery+15s
2026-08-25T06:05:19.166+00:00,B,product/search,3154,,103,200,587,60,46,,recovery+20s
2026-08-25T06:05:24.749+00:00,B,product/search,3154,,104,200,582,60,45,,recovery+25s
2026-08-25T06:05:30.350+00:00,B,product/search,3154,,105,200,601,60,44,,recovery+30s
2026-08-25T06:05:35.964+00:00,B,product/search,3154,,106,200,614,60,43,,recovery+35s
2026-08-25T06:05:41.551+00:00,B,product/search,3154,,107,200,586,60,42,,recovery+40s
2026-08-25T06:05:47.121+00:00,B,product/search,3154,,108,200,570,60,41,,recovery+45s
2026-08-25T06:05:52.714+00:00,B,product/search,3154,,109,200,593,60,59,,recovery+50s
2026-08-25T06:05:58.318+00:00,B,product/search,3154,,110,200,604,60,58,,recovery+55s
2026-08-25T06:06:03.920+00:00,B,product/search,3154,,111,200,601,60,57,,recovery+60s
2026-08-25T06:06:09.525+00:00,B,product/search,3154,,112,200,605,60,56,,recovery+65s
2026-08-25T06:06:15.067+00:00,B,product/search,3154,,113,200,542,60,55,,recovery+70s
2026-08-25T06:06:20.634+00:00,B,product/search,3154,,114,200,567,60,54,,recovery+75s
2026-08-25T06:06:26.235+00:00,B,product/search,3154,,115,200,600,60,53,,recovery+80s
2026-08-25T06:06:31.810+00:00,B,product/search,3154,,116,200,575,60,52,,recovery+85s
2026-08-25T06:06:37.401+00:00,B,product/search,3154,,117,200,591,60,51,,recovery+90s
2026-08-25T06:06:42.995+00:00,B,product/search,3154,,118,200,593,60,50,,recovery+95s
2026-08-25T06:06:48.589+00:00,B,product/search,3154,,119,200,594,60,49,,recovery+100s
2026-08-25T06:06:54.157+00:00,B,product/search,3154,,120,200,567,60,59,,recovery+105s
2026-08-25T06:06:59.725+00:00,B,product/search,3154,,121,200,568,60,58,,recovery+110s
2026-08-25T06:07:05.961+00:00,B,product/search,3154,,122,200,1235,60,57,,recovery+115s
2026-08-25T06:07:11.539+00:00,B,product/search,3154,,123,200,577,60,56,,recovery+120s
2026-08-25T06:08:23.701+00:00,D,scan-multiple-items,3154,,1,200,2162,60,59,,control before
2026-08-25T06:08:24.282+00:00,D,product/search,3154,,2,200,580,60,58,,control search
2026-08-25T06:08:24.850+00:00,D,product/search,3154,,10,200,567,60,57,,consume on search
2026-08-25T06:08:25.401+00:00,D,product/search,3154,,11,200,551,60,56,,consume on search
2026-08-25T06:08:25.967+00:00,D,product/search,3154,,12,200,566,60,55,,consume on search
2026-08-25T06:08:26.525+00:00,D,product/search,3154,,13,200,558,60,54,,consume on search
2026-08-25T06:08:27.142+00:00,D,product/search,3154,,14,200,616,60,53,,consume on search
2026-08-25T06:08:27.693+00:00,D,product/search,3154,,15,200,552,60,52,,consume on search
2026-08-25T06:08:28.292+00:00,D,product/search,3154,,16,200,599,60,51,,consume on search
2026-08-25T06:08:28.871+00:00,D,product/search,3154,,17,200,578,60,50,,consume on search
2026-08-25T06:08:29.419+00:00,D,product/search,3154,,18,200,548,60,49,,consume on search
2026-08-25T06:08:29.981+00:00,D,product/search,3154,,19,200,562,60,48,,consume on search
2026-08-25T06:08:30.530+00:00,D,product/search,3154,,90,200,549,60,47,,"after consume, search"
2026-08-25T06:08:33.406+00:00,D,scan-multiple-items,3154,,91,200,2876,60,46,,"after consume, scan"
2026-08-25T06:09:44.001+00:00,C,product/search,3154,30,1,200,595,60,59,,ramp
2026-08-25T06:09:46.010+00:00,C,product/search,3154,30,2,200,603,60,58,,ramp
2026-08-25T06:09:48.503+00:00,C,product/search,3154,30,3,200,1096,60,57,,ramp
2026-08-25T06:09:49.979+00:00,C,product/search,3154,30,4,200,572,60,56,,ramp
2026-08-25T06:09:51.984+00:00,C,product/search,3154,30,5,200,577,60,55,,ramp
2026-08-25T06:09:53.967+00:00,C,product/search,3154,30,6,200,560,60,54,,ramp
2026-08-25T06:09:56.002+00:00,C,product/search,3154,30,7,200,595,60,53,,ramp
2026-08-25T06:09:57.981+00:00,C,product/search,3154,30,8,200,574,60,52,,ramp
2026-08-25T06:09:59.955+00:00,C,product/search,3154,30,9,200,548,60,51,,ramp
2026-08-25T06:10:01.977+00:00,C,product/search,3154,30,10,200,570,60,50,,ramp
2026-08-25T06:10:03.986+00:00,C,product/search,3154,30,11,200,580,60,49,,ramp
2026-08-25T06:10:06.585+00:00,C,product/search,3154,30,12,200,1178,60,48,,ramp
2026-08-25T06:10:08.064+00:00,C,product/search,3154,30,13,200,657,60,47,,ramp
2026-08-25T06:10:09.965+00:00,C,product/search,3154,30,14,200,558,60,46,,ramp
2026-08-25T06:10:11.999+00:00,C,product/search,3154,30,15,200,592,60,45,,ramp
2026-08-25T06:10:13.986+00:00,C,product/search,3154,30,16,200,579,60,44,,ramp
2026-08-25T06:10:15.988+00:00,C,product/search,3154,30,17,200,581,60,43,,ramp
2026-08-25T06:10:18.001+00:00,C,product/search,3154,30,18,200,594,60,42,,ramp
2026-08-25T06:10:19.981+00:00,C,product/search,3154,30,19,200,575,60,41,,ramp
2026-08-25T06:10:21.950+00:00,C,product/search,3154,30,20,200,543,60,40,,ramp
2026-08-25T06:10:23.989+00:00,C,product/search,3154,30,21,200,582,60,39,,ramp
2026-08-25T06:10:26.005+00:00,C,product/search,3154,30,22,200,598,60,38,,ramp
2026-08-25T06:10:28.252+00:00,C,product/search,3154,30,23,200,846,60,37,,ramp
2026-08-25T06:10:29.980+00:00,C,product/search,3154,30,24,200,573,60,36,,ramp
2026-08-25T06:10:31.994+00:00,C,product/search,3154,30,25,200,587,60,35,,ramp
2026-08-25T06:10:33.967+00:00,C,product/search,3154,30,26,200,560,60,34,,ramp
2026-08-25T06:10:35.952+00:00,C,product/search,3154,30,27,200,545,60,33,,ramp
2026-08-25T06:10:37.974+00:00,C,product/search,3154,30,28,200,567,60,32,,ramp
2026-08-25T06:10:39.952+00:00,C,product/search,3154,30,29,200,545,60,31,,ramp
2026-08-25T06:10:41.984+00:00,C,product/search,3154,30,30,200,578,60,30,,ramp
2026-08-25T06:11:52.549+00:00,C,product/search,3154,40,1,200,564,60,59,,ramp
2026-08-25T06:11:54.048+00:00,C,product/search,3154,40,2,200,563,60,58,,ramp
2026-08-25T06:11:55.553+00:00,C,product/search,3154,40,3,200,568,60,57,,ramp
2026-08-25T06:11:57.096+00:00,C,product/search,3154,40,4,200,611,60,56,,ramp
2026-08-25T06:11:58.540+00:00,C,product/search,3154,40,5,200,555,60,55,,ramp
2026-08-25T06:12:00.042+00:00,C,product/search,3154,40,6,200,556,60,54,,ramp
2026-08-25T06:12:01.548+00:00,C,product/search,3154,40,7,200,563,60,53,,ramp
2026-08-25T06:12:03.057+00:00,C,product/search,3154,40,8,200,572,60,52,,ramp
2026-08-25T06:12:04.560+00:00,C,product/search,3154,40,9,200,575,60,51,,ramp
2026-08-25T06:12:06.049+00:00,C,product/search,3154,40,10,200,564,60,50,,ramp
2026-08-25T06:12:07.676+00:00,C,product/search,3154,40,11,200,691,60,49,,ramp
2026-08-25T06:12:09.044+00:00,C,product/search,3154,40,12,200,559,60,48,,ramp
2026-08-25T06:12:10.538+00:00,C,product/search,3154,40,13,200,553,60,47,,ramp
2026-08-25T06:12:12.044+00:00,C,product/search,3154,40,14,200,559,60,46,,ramp
2026-08-25T06:12:13.596+00:00,C,product/search,3154,40,15,200,611,60,45,,ramp
2026-08-25T06:12:15.078+00:00,C,product/search,3154,40,16,200,593,60,44,,ramp
2026-08-25T06:12:16.734+00:00,C,product/search,3154,40,17,200,749,60,43,,ramp
2026-08-25T06:12:18.055+00:00,C,product/search,3154,40,18,200,570,60,41,,ramp
2026-08-25T06:12:19.569+00:00,C,product/search,3154,40,19,200,583,60,39,,ramp
2026-08-25T06:12:21.059+00:00,C,product/search,3154,40,20,200,574,60,37,,ramp
2026-08-25T06:12:22.524+00:00,C,product/search,3154,40,21,200,539,60,35,,ramp
2026-08-25T06:12:24.037+00:00,C,product/search,3154,40,22,200,552,60,34,,ramp
2026-08-25T06:12:25.567+00:00,C,product/search,3154,40,23,200,582,60,32,,ramp
2026-08-25T06:12:27.050+00:00,C,product/search,3154,40,24,200,565,60,30,,ramp
2026-08-25T06:12:28.543+00:00,C,product/search,3154,40,25,200,558,60,28,,ramp
2026-08-25T06:12:30.080+00:00,C,product/search,3154,40,26,200,595,60,26,,ramp
2026-08-25T06:12:31.525+00:00,C,product/search,3154,40,27,200,540,60,24,,ramp
2026-08-25T06:12:33.085+00:00,C,product/search,3154,40,28,200,600,60,22,,ramp
2026-08-25T06:12:34.531+00:00,C,product/search,3154,40,29,200,546,60,21,,ramp
2026-08-25T06:12:36.070+00:00,C,product/search,3154,40,30,200,585,60,20,,ramp
2026-08-25T06:12:37.554+00:00,C,product/search,3154,40,31,200,569,60,19,,ramp
2026-08-25T06:12:39.680+00:00,C,product/search,3154,40,32,200,1195,60,18,,ramp
2026-08-25T06:12:41.148+00:00,C,product/search,3154,40,33,200,1163,60,17,,ramp
2026-08-25T06:12:42.056+00:00,C,product/search,3154,40,34,200,571,60,16,,ramp
2026-08-25T06:12:43.576+00:00,C,product/search,3154,40,35,200,591,60,15,,ramp
2026-08-25T06:12:45.055+00:00,C,product/search,3154,40,36,200,570,60,14,,ramp
2026-08-25T06:12:46.547+00:00,C,product/search,3154,40,37,200,562,60,13,,ramp
2026-08-25T06:12:48.066+00:00,C,product/search,3154,40,38,200,581,60,12,,ramp
2026-08-25T06:12:49.571+00:00,C,product/search,3154,40,39,200,587,60,11,,ramp
2026-08-25T06:12:51.050+00:00,C,product/search,3154,40,40,200,565,60,10,,ramp
2026-08-25T06:14:01.672+00:00,C,product/search,3154,50,1,200,621,60,59,,ramp
2026-08-25T06:14:02.790+00:00,C,product/search,3154,50,2,200,540,60,58,,ramp
2026-08-25T06:14:04.004+00:00,C,product/search,3154,50,3,200,553,60,57,,ramp
2026-08-25T06:14:05.206+00:00,C,product/search,3154,50,4,200,555,60,56,,ramp
2026-08-25T06:14:06.411+00:00,C,product/search,3154,50,5,200,560,60,55,,ramp
2026-08-25T06:14:07.626+00:00,C,product/search,3154,50,6,200,575,60,54,,ramp
2026-08-25T06:14:08.847+00:00,C,product/search,3154,50,7,200,596,60,53,,ramp
2026-08-25T06:14:09.999+00:00,C,product/search,3154,50,8,200,548,60,52,,ramp
2026-08-25T06:14:11.198+00:00,C,product/search,3154,50,9,200,547,60,51,,ramp
2026-08-25T06:14:12.415+00:00,C,product/search,3154,50,10,200,565,60,50,,ramp
2026-08-25T06:14:13.630+00:00,C,product/search,3154,50,11,200,579,60,49,,ramp
2026-08-25T06:14:14.814+00:00,C,product/search,3154,50,12,200,563,60,48,,ramp
2026-08-25T06:14:16.016+00:00,C,product/search,3154,50,13,200,566,60,47,,ramp
2026-08-25T06:14:17.217+00:00,C,product/search,3154,50,14,200,566,60,46,,ramp
2026-08-25T06:14:18.408+00:00,C,product/search,3154,50,15,200,557,60,45,,ramp
2026-08-25T06:14:19.610+00:00,C,product/search,3154,50,16,200,560,60,44,,ramp
2026-08-25T06:14:20.820+00:00,C,product/search,3154,50,17,200,569,60,43,,ramp
2026-08-25T06:14:22.009+00:00,C,product/search,3154,50,18,200,558,60,42,,ramp
2026-08-25T06:14:23.217+00:00,C,product/search,3154,50,19,200,566,60,41,,ramp
2026-08-25T06:14:24.407+00:00,C,product/search,3154,50,20,200,556,60,40,,ramp
2026-08-25T06:14:25.606+00:00,C,product/search,3154,50,21,200,555,60,39,,ramp
2026-08-25T06:14:26.817+00:00,C,product/search,3154,50,22,200,567,60,38,,ramp
2026-08-25T06:14:28.017+00:00,C,product/search,3154,50,23,200,566,60,37,,ramp
2026-08-25T06:14:29.210+00:00,C,product/search,3154,50,24,200,560,60,36,,ramp
2026-08-25T06:14:30.418+00:00,C,product/search,3154,50,25,200,568,60,35,,ramp
2026-08-25T06:14:31.605+00:00,C,product/search,3154,50,26,200,554,60,34,,ramp
2026-08-25T06:14:32.824+00:00,C,product/search,3154,50,27,200,574,60,33,,ramp
2026-08-25T06:14:33.992+00:00,C,product/search,3154,50,28,200,541,60,32,,ramp
2026-08-25T06:14:35.188+00:00,C,product/search,3154,50,29,200,537,60,31,,ramp
2026-08-25T06:14:36.428+00:00,C,product/search,3154,50,30,200,578,60,30,,ramp
2026-08-25T06:14:37.624+00:00,C,product/search,3154,50,31,200,573,60,29,,ramp
2026-08-25T06:14:38.830+00:00,C,product/search,3154,50,32,200,579,60,28,,ramp
2026-08-25T06:14:40.009+00:00,C,product/search,3154,50,33,200,558,60,27,,ramp
2026-08-25T06:14:41.240+00:00,C,product/search,3154,50,34,200,589,60,26,,ramp
2026-08-25T06:14:42.407+00:00,C,product/search,3154,50,35,200,556,60,25,,ramp
2026-08-25T06:14:43.608+00:00,C,product/search,3154,50,36,200,557,60,24,,ramp
2026-08-25T06:14:44.832+00:00,C,product/search,3154,50,37,200,581,60,23,,ramp
2026-08-25T06:14:46.531+00:00,C,product/search,3154,50,38,200,1080,60,22,,ramp
2026-08-25T06:14:47.444+00:00,C,product/search,3154,50,39,200,793,60,21,,ramp
2026-08-25T06:14:48.423+00:00,C,product/search,3154,50,40,200,573,60,20,,ramp
2026-08-25T06:14:49.629+00:00,C,product/search,3154,50,41,200,579,60,19,,ramp
2026-08-25T06:14:50.838+00:00,C,product/search,3154,50,42,200,587,60,18,,ramp
2026-08-25T06:14:52.002+00:00,C,product/search,3154,50,43,200,551,60,17,,ramp
2026-08-25T06:14:53.224+00:00,C,product/search,3154,50,44,200,573,60,16,,ramp
2026-08-25T06:14:54.410+00:00,C,product/search,3154,50,45,200,559,60,15,,ramp
2026-08-25T06:14:55.600+00:00,C,product/search,3154,50,46,200,549,60,14,,ramp
2026-08-25T06:14:56.807+00:00,C,product/search,3154,50,47,200,556,60,13,,ramp
2026-08-25T06:14:58.016+00:00,C,product/search,3154,50,48,200,565,60,12,,ramp
2026-08-25T06:14:59.200+00:00,C,product/search,3154,50,49,200,549,60,11,,ramp
2026-08-25T06:15:00.401+00:00,C,product/search,3154,50,50,200,551,60,10,,ramp
2026-08-25T06:16:10.950+00:00,C,product/search,3154,60,1,200,548,60,59,,ramp
2026-08-25T06:16:11.951+00:00,C,product/search,3154,60,2,200,548,60,58,,ramp
2026-08-25T06:16:12.982+00:00,C,product/search,3154,60,3,200,580,60,57,,ramp
2026-08-25T06:16:13.972+00:00,C,product/search,3154,60,4,200,570,60,56,,ramp
2026-08-25T06:16:14.965+00:00,C,product/search,3154,60,5,200,563,60,55,,ramp
2026-08-25T06:16:15.996+00:00,C,product/search,3154,60,6,200,594,60,54,,ramp
2026-08-25T06:16:16.956+00:00,C,product/search,3154,60,7,200,554,60,53,,ramp
2026-08-25T06:16:17.939+00:00,C,product/search,3154,60,8,200,537,60,52,,ramp
2026-08-25T06:16:18.967+00:00,C,product/search,3154,60,9,200,565,60,51,,ramp
2026-08-25T06:16:19.963+00:00,C,product/search,3154,60,10,200,561,60,50,,ramp
2026-08-25T06:16:20.984+00:00,C,product/search,3154,60,11,200,582,60,49,,ramp
2026-08-25T06:16:21.962+00:00,C,product/search,3154,60,12,200,559,60,48,,ramp
2026-08-25T06:16:22.980+00:00,C,product/search,3154,60,13,200,578,60,47,,ramp
2026-08-25T06:16:23.953+00:00,C,product/search,3154,60,14,200,551,60,46,,ramp
2026-08-25T06:16:24.953+00:00,C,product/search,3154,60,15,200,551,60,45,,ramp
2026-08-25T06:16:25.959+00:00,C,product/search,3154,60,16,200,557,60,44,,ramp
2026-08-25T06:16:26.962+00:00,C,product/search,3154,60,17,200,560,60,43,,ramp
2026-08-25T06:16:27.962+00:00,C,product/search,3154,60,18,200,559,60,42,,ramp
2026-08-25T06:16:29.695+00:00,C,product/search,3154,60,19,200,1293,60,41,,ramp
2026-08-25T06:16:30.256+00:00,C,product/search,3154,60,20,200,561,60,40,,ramp
2026-08-25T06:16:30.963+00:00,C,product/search,3154,60,21,200,561,60,39,,ramp
2026-08-25T06:16:31.951+00:00,C,product/search,3154,60,22,200,548,60,38,,ramp
2026-08-25T06:16:32.963+00:00,C,product/search,3154,60,23,200,561,60,37,,ramp
2026-08-25T06:16:33.964+00:00,C,product/search,3154,60,24,200,562,60,36,,ramp
2026-08-25T06:16:34.973+00:00,C,product/search,3154,60,25,200,571,60,35,,ramp
2026-08-25T06:16:35.970+00:00,C,product/search,3154,60,26,200,567,60,34,,ramp
2026-08-25T06:16:36.960+00:00,C,product/search,3154,60,27,200,557,60,33,,ramp
2026-08-25T06:16:37.951+00:00,C,product/search,3154,60,28,200,549,60,32,,ramp
2026-08-25T06:16:38.942+00:00,C,product/search,3154,60,29,200,540,60,31,,ramp
2026-08-25T06:16:39.958+00:00,C,product/search,3154,60,30,200,556,60,30,,ramp
2026-08-25T06:16:40.968+00:00,C,product/search,3154,60,31,200,566,60,29,,ramp
2026-08-25T06:16:41.956+00:00,C,product/search,3154,60,32,200,553,60,28,,ramp
2026-08-25T06:16:42.971+00:00,C,product/search,3154,60,33,200,568,60,27,,ramp
2026-08-25T06:16:43.963+00:00,C,product/search,3154,60,34,200,561,60,26,,ramp
2026-08-25T06:16:44.953+00:00,C,product/search,3154,60,35,200,551,60,25,,ramp
2026-08-25T06:16:45.963+00:00,C,product/search,3154,60,36,200,560,60,24,,ramp
2026-08-25T06:16:46.965+00:00,C,product/search,3154,60,37,200,563,60,23,,ramp
2026-08-25T06:16:47.962+00:00,C,product/search,3154,60,38,200,560,60,22,,ramp
2026-08-25T06:16:50.788+00:00,C,product/search,3154,60,39,200,2386,60,21,,ramp
2026-08-25T06:16:51.805+00:00,C,product/search,3154,60,40,200,1016,60,20,,ramp
2026-08-25T06:16:52.367+00:00,C,product/search,3154,60,41,200,562,60,19,,ramp
2026-08-25T06:16:52.944+00:00,C,product/search,3154,60,42,200,577,60,18,,ramp
2026-08-25T06:16:53.498+00:00,C,product/search,3154,60,43,200,554,60,17,,ramp
2026-08-25T06:16:54.036+00:00,C,product/search,3154,60,44,200,539,60,16,,ramp
2026-08-25T06:16:54.949+00:00,C,product/search,3154,60,45,200,547,60,15,,ramp
2026-08-25T06:16:55.963+00:00,C,product/search,3154,60,46,200,561,60,14,,ramp
2026-08-25T06:16:56.940+00:00,C,product/search,3154,60,47,200,537,60,13,,ramp
2026-08-25T06:16:57.968+00:00,C,product/search,3154,60,48,200,566,60,12,,ramp
2026-08-25T06:16:58.975+00:00,C,product/search,3154,60,49,200,572,60,11,,ramp
2026-08-25T06:16:59.968+00:00,C,product/search,3154,60,50,200,565,60,10,,ramp
2026-08-25T06:17:01.015+00:00,C,product/search,3154,60,51,200,612,60,9,,ramp
2026-08-25T06:17:01.966+00:00,C,product/search,3154,60,52,200,564,60,8,,ramp
2026-08-25T06:17:02.941+00:00,C,product/search,3154,60,53,200,538,60,7,,ramp
2026-08-25T06:17:04.005+00:00,C,product/search,3154,60,54,200,603,60,6,,ramp
2026-08-25T06:17:07.776+00:00,C,product/search,3154,60,55,200,3374,60,5,,ramp
2026-08-25T06:17:09.747+00:00,C,product/search,3154,60,56,200,1971,60,4,,ramp
2026-08-25T06:17:11.196+00:00,C,product/search,3154,60,57,200,1449,60,59,,ramp
2026-08-25T06:17:12.490+00:00,C,product/search,3154,60,58,200,1293,60,58,,ramp
2026-08-25T06:17:13.501+00:00,C,product/search,3154,60,59,200,1011,60,57,,ramp
2026-08-25T06:17:14.191+00:00,C,product/search,3154,60,60,200,690,60,56,,ramp
2026-08-25T06:18:24.763+00:00,C,product/search,3154,70,1,200,571,60,59,,ramp
2026-08-25T06:18:25.621+00:00,C,product/search,3154,70,2,200,573,60,58,,ramp
2026-08-25T06:18:26.453+00:00,C,product/search,3154,70,3,200,546,60,57,,ramp
2026-08-25T06:18:27.314+00:00,C,product/search,3154,70,4,200,551,60,56,,ramp
2026-08-25T06:18:28.204+00:00,C,product/search,3154,70,5,200,584,60,55,,ramp
2026-08-25T06:18:29.036+00:00,C,product/search,3154,70,6,200,558,60,54,,ramp
2026-08-25T06:18:29.907+00:00,C,product/search,3154,70,7,200,572,60,53,,ramp
2026-08-25T06:18:30.760+00:00,C,product/search,3154,70,8,200,568,60,52,,ramp
2026-08-25T06:18:31.595+00:00,C,product/search,3154,70,9,200,546,60,51,,ramp
2026-08-25T06:18:32.469+00:00,C,product/search,3154,70,10,200,563,60,50,,ramp
2026-08-25T06:18:33.338+00:00,C,product/search,3154,70,11,200,575,60,49,,ramp
2026-08-25T06:18:34.190+00:00,C,product/search,3154,70,12,200,569,60,48,,ramp
2026-08-25T06:18:35.051+00:00,C,product/search,3154,70,13,200,574,60,47,,ramp
2026-08-25T06:18:35.897+00:00,C,product/search,3154,70,14,200,562,60,46,,ramp
2026-08-25T06:18:36.750+00:00,C,product/search,3154,70,15,200,558,60,45,,ramp
2026-08-25T06:18:37.611+00:00,C,product/search,3154,70,16,200,562,60,44,,ramp
2026-08-25T06:18:38.451+00:00,C,product/search,3154,70,17,200,545,60,43,,ramp
2026-08-25T06:18:39.296+00:00,C,product/search,3154,70,18,200,533,60,42,,ramp
2026-08-25T06:18:40.201+00:00,C,product/search,3154,70,19,200,580,60,41,,ramp
2026-08-25T06:18:41.058+00:00,C,product/search,3154,70,20,200,581,60,40,,ramp
2026-08-25T06:18:41.876+00:00,C,product/search,3154,70,21,200,541,60,39,,ramp
2026-08-25T06:18:42.748+00:00,C,product/search,3154,70,22,200,556,60,38,,ramp
2026-08-25T06:18:43.602+00:00,C,product/search,3154,70,23,200,553,60,37,,ramp
2026-08-25T06:18:44.451+00:00,C,product/search,3154,70,24,200,544,60,36,,ramp
2026-08-25T06:18:45.332+00:00,C,product/search,3154,70,25,200,569,60,35,,ramp
2026-08-25T06:18:46.173+00:00,C,product/search,3154,70,26,200,553,60,34,,ramp
2026-08-25T06:18:47.033+00:00,C,product/search,3154,70,27,200,555,60,33,,ramp
2026-08-25T06:18:47.887+00:00,C,product/search,3154,70,28,200,552,60,32,,ramp
2026-08-25T06:18:48.768+00:00,C,product/search,3154,70,29,200,576,60,31,,ramp
2026-08-25T06:18:49.605+00:00,C,product/search,3154,70,30,200,556,60,30,,ramp
2026-08-25T06:18:50.493+00:00,C,product/search,3154,70,31,200,587,60,29,,ramp
2026-08-25T06:18:51.335+00:00,C,product/search,3154,70,32,200,572,60,28,,ramp
2026-08-25T06:18:52.187+00:00,C,product/search,3154,70,33,200,567,60,27,,ramp
2026-08-25T06:18:53.033+00:00,C,product/search,3154,70,34,200,555,60,26,,ramp
2026-08-25T06:18:53.869+00:00,C,product/search,3154,70,35,200,534,60,25,,ramp
2026-08-25T06:18:54.763+00:00,C,product/search,3154,70,36,200,571,60,24,,ramp
2026-08-25T06:18:55.604+00:00,C,product/search,3154,70,37,200,555,60,23,,ramp
2026-08-25T06:18:56.479+00:00,C,product/search,3154,70,38,200,573,60,22,,ramp
2026-08-25T06:18:57.309+00:00,C,product/search,3154,70,39,200,546,60,21,,ramp
2026-08-25T06:18:58.177+00:00,C,product/search,3154,70,40,200,556,60,20,,ramp
2026-08-25T06:18:59.041+00:00,C,product/search,3154,70,41,200,564,60,19,,ramp
2026-08-25T06:18:59.901+00:00,C,product/search,3154,70,42,200,566,60,18,,ramp
2026-08-25T06:19:00.767+00:00,C,product/search,3154,70,43,200,575,60,17,,ramp
2026-08-25T06:19:01.621+00:00,C,product/search,3154,70,44,200,572,60,16,,ramp
2026-08-25T06:19:02.500+00:00,C,product/search,3154,70,45,200,594,60,15,,ramp
2026-08-25T06:19:03.329+00:00,C,product/search,3154,70,46,200,566,60,14,,ramp
2026-08-25T06:19:04.202+00:00,C,product/search,3154,70,47,200,582,60,13,,ramp
2026-08-25T06:19:05.026+00:00,C,product/search,3154,70,48,200,548,60,12,,ramp
2026-08-25T06:19:05.902+00:00,C,product/search,3154,70,49,200,567,60,11,,ramp
2026-08-25T06:19:06.727+00:00,C,product/search,3154,70,50,200,535,60,10,,ramp
2026-08-25T06:19:07.620+00:00,C,product/search,3154,70,51,200,571,60,9,,ramp
2026-08-25T06:19:08.454+00:00,C,product/search,3154,70,52,200,548,60,8,,ramp
2026-08-25T06:19:09.336+00:00,C,product/search,3154,70,53,200,572,60,7,,ramp
2026-08-25T06:19:10.201+00:00,C,product/search,3154,70,54,200,580,60,6,,ramp
2026-08-25T06:19:11.030+00:00,C,product/search,3154,70,55,200,552,60,5,,ramp
2026-08-25T06:19:11.870+00:00,C,product/search,3154,70,56,200,535,60,4,,ramp
2026-08-25T06:19:12.746+00:00,C,product/search,3154,70,57,200,554,60,3,,ramp
2026-08-25T06:19:13.587+00:00,C,product/search,3154,70,58,200,538,60,2,,ramp
2026-08-25T06:19:14.484+00:00,C,product/search,3154,70,59,200,578,60,1,,ramp
2026-08-25T06:19:15.320+00:00,C,product/search,3154,70,60,200,556,60,0,,ramp
2026-08-25T06:19:15.880+00:00,C,product/search,3154,70,61,429,260,60,0,9,ramp
