run_id,scraped_at,store_id,store_name,city,province,sku,handle,title,brand,category,size,url,price,member_price,default_price,available,carried,stock_text,thc,cbd,store_label,status,error,api_store_id,store_id_match,api_stock,api_price,api_elite_price,api_equiv_g,api_raw,api_member_price
20260816T234023Z,2026-08-16T23:57:35+00:00,528,Gateway Village,St. Albert,Alberta,203012,cro-pufferz-grape-gas-disposable-vape-hybrid-1-g-spinach,Pufferz Grape Gas Disposable Vape,Spinach,Vapes,1 g,https://cannacabana.com/products/cro-pufferz-grape-gas-disposable-vape-hybrid-1-g-spinach?sID=528,,,29.90,0,0,Not carried,.,,St. Albert,ok,,528,1.0,0.0,,,0.0,"0,N.A.,N.A.,0,0,0,0",
20260816T234023Z,2026-08-17T00:01:09+00:00,8180,Westland,Calgary,Alberta,203012,cro-pufferz-grape-gas-disposable-vape-hybrid-1-g-spinach,Pufferz Grape Gas Disposable Vape,Spinach,Vapes,1 g,https://cannacabana.com/products/cro-pufferz-grape-gas-disposable-vape-hybrid-1-g-spinach?sID=8180,,,29.90,0,1,Sold Out,.,,"Westland, Calgary",error,price never resolved (cell='Loading'),8180,1.0,,,,,,
20260816T234023Z,2026-08-16T23:40:27+00:00,3154,Airdrie,Airdrie,Alberta,203012,cro-pufferz-grape-gas-disposable-vape-hybrid-1-g-spinach,Pufferz Grape Gas Disposable Vape,Spinach,Vapes,1 g,https://cannacabana.com/products/cro-pufferz-grape-gas-disposable-vape-hybrid-1-g-spinach?sID=3154,35.99,,29.90,1,1,In Stock,.,,Airdrie,ok,,3154,1.0,7.0,35.99,30.29,4.0,"7,,35.99,each,98.10,0.60,4.00,595:203012",
20260816T234023Z,2026-08-16T23:40:36+00:00,3185,Airdrie Main St,Airdrie,Alberta,203012,cro-pufferz-grape-gas-disposable-vape-hybrid-1-g-spinach,Pufferz Grape Gas Disposable Vape,Spinach,Vapes,1 g,https://cannacabana.com/products/cro-pufferz-grape-gas-disposable-vape-hybrid-1-g-spinach?sID=3185,35.99,,29.90,1,1,In Stock,.,,Airdrie,ok,,3185,1.0,7.0,35.99,30.29,4.0,"7,0.00,35.99,each,98.10,0.60,4.00,550:203012",
20260816T234023Z,2026-08-16T23:40:42+00:00,3173,Banff,Banff,Alberta,203012,cro-pufferz-grape-gas-disposable-vape-hybrid-1-g-spinach,Pufferz Grape Gas Disposable Vape,Spinach,Vapes,1 g,https://cannacabana.com/products/cro-pufferz-grape-gas-disposable-vape-hybrid-1-g-spinach?sID=3173,35.99,,29.90,1,1,In Stock,.,,Banff,ok,,3173,1.0,24.0,35.99,29.9,4.0,"24,0.00,35.99,each,98.10,0.60,4.00,596:203012",
20260816T234023Z,2026-08-16T23:40:50+00:00,3114,Beaumont,Beaumont,Alberta,203012,cro-pufferz-grape-gas-disposable-vape-hybrid-1-g-spinach,Pufferz Grape Gas Disposable Vape,Spinach,Vapes,1 g,https://cannacabana.com/products/cro-pufferz-grape-gas-disposable-vape-hybrid-1-g-spinach?sID=3114,35.99,,29.90,1,1,In Stock,.,,Beaumont,ok,,3114,1.0,8.0,35.99,30.68,4.0,"8,0.00,35.99,each,98.10,0.60,4.00,597:203012",
20260816T234023Z,2026-08-16T23:40:59+00:00,4523,Blackfalds,Blackfalds,Alberta,203012,cro-pufferz-grape-gas-disposable-vape-hybrid-1-g-spinach,Pufferz Grape Gas Disposable Vape,Spinach,Vapes,1 g,https://cannacabana.com/products/cro-pufferz-grape-gas-disposable-vape-hybrid-1-g-spinach?sID=4523,35.99,,29.90,1,1,In Stock,.,,Blackfalds,ok,,4523,1.0,1.0,35.99,29.9,4.0,"1,,35.99,each,98.10,0.60,4.00,677:203012",
20260816T234023Z,2026-08-16T23:41:06+00:00,3128,Bonnyville,Bonnyville,Alberta,203012,cro-pufferz-grape-gas-disposable-vape-hybrid-1-g-spinach,Pufferz Grape Gas Disposable Vape,Spinach,Vapes,1 g,https://cannacabana.com/products/cro-pufferz-grape-gas-disposable-vape-hybrid-1-g-spinach?sID=3128,35.99,,29.90,1,1,In Stock,.,,Bonnyville,ok,,3128,1.0,9.0,35.99,29.52,4.0,"9,0.00,35.99,each,98.10,0.60,4.00,598:203012",
20260816T234023Z,2026-08-16T23:41:15+00:00,4664,Brooks,Brooks,Alberta,203012,cro-pufferz-grape-gas-disposable-vape-hybrid-1-g-spinach,Pufferz Grape Gas Disposable Vape,Spinach,Vapes,1 g,https://cannacabana.com/products/cro-pufferz-grape-gas-disposable-vape-hybrid-1-g-spinach?sID=4664,35.99,,29.90,1,1,In Stock,.,,Brooks,ok,,4664,1.0,7.0,35.99,29.15,4.0,"7,,35.99,each,98.10,0.60,4.00,687:203012",
20260816T234023Z,2026-08-16T23:41:23+00:00,4665,14th Street,Calgary,Alberta,203012,cro-pufferz-grape-gas-disposable-vape-hybrid-1-g-spinach,Pufferz Grape Gas Disposable Vape,Spinach,Vapes,1 g,https://cannacabana.com/products/cro-pufferz-grape-gas-disposable-vape-hybrid-1-g-spinach?sID=4665,35.99,,29.90,1,1,In Stock,.,,Calgary,ok,,4665,1.0,16.0,35.99,29.9,4.0,"16,,35.99,each,98.10,0.60,4.00,692:203012",
20260816T234023Z,2026-08-16T23:41:31+00:00,3119,Beltline,Calgary,Alberta,203012,cro-pufferz-grape-gas-disposable-vape-hybrid-1-g-spinach,Pufferz Grape Gas Disposable Vape,Spinach,Vapes,1 g,https://cannacabana.com/products/cro-pufferz-grape-gas-disposable-vape-hybrid-1-g-spinach?sID=3119,35.99,,29.90,1,1,In Stock,.,,Calgary,ok,,3119,1.0,7.0,35.99,29.9,4.0,"7,0.00,35.99,each,98.10,0.60,4.00,587:203012",
20260816T234023Z,2026-08-16T23:41:38+00:00,3172,Bowness,Calgary,Alberta,203012,cro-pufferz-grape-gas-disposable-vape-hybrid-1-g-spinach,Pufferz Grape Gas Disposable Vape,Spinach,Vapes,1 g,https://cannacabana.com/products/cro-pufferz-grape-gas-disposable-vape-hybrid-1-g-spinach?sID=3172,35.99,,29.90,1,1,In Stock,.,,Calgary,ok,,3172,1.0,13.0,35.99,28.79,4.0,"13,,35.99,each,98.10,0.60,4.00,593:203012",
20260816T234023Z,2026-08-16T23:41:45+00:00,8230,Brentwood,Calgary,Alberta,203012,cro-pufferz-grape-gas-disposable-vape-hybrid-1-g-spinach,Pufferz Grape Gas Disposable Vape,Spinach,Vapes,1 g,https://cannacabana.com/products/cro-pufferz-grape-gas-disposable-vape-hybrid-1-g-spinach?sID=8230,35.99,,29.90,1,1,In Stock,.,,Calgary,ok,,8230,1.0,1.0,35.99,29.15,4.0,"1,0.00,35.99,each,98.10,0.60,4.00,823:203012",
20260816T234023Z,2026-08-16T23:42:42+00:00,3736,Calgary - East Hills,Calgary,Alberta,203012,cro-pufferz-grape-gas-disposable-vape-hybrid-1-g-spinach,Pufferz Grape Gas Disposable Vape,Spinach,Vapes,1 g,https://cannacabana.com/products/cro-pufferz-grape-gas-disposable-vape-hybrid-1-g-spinach?sID=3736,35.99,,29.90,1,1,In Stock,.,,Calgary,ok,,3736,1.0,12.0,35.99,29.9,4.0,"12,0.00,35.99,each,98.10,0.60,4.00,652:203012",
20260816T234023Z,2026-08-16T23:42:51+00:00,3735,Calgary - Highland Park,Calgary,Alberta,203012,cro-pufferz-grape-gas-disposable-vape-hybrid-1-g-spinach,Pufferz Grape Gas Disposable Vape,Spinach,Vapes,1 g,https://cannacabana.com/products/cro-pufferz-grape-gas-disposable-vape-hybrid-1-g-spinach?sID=3735,35.99,,29.90,1,1,In Stock,.,,Calgary,ok,,3735,1.0,19.0,35.99,29.9,4.0,"19,,35.99,each,98.10,0.60,4.00,653:203012",
20260816T234023Z,2026-08-16T23:42:58+00:00,3528,Calgary - Marlborough,Calgary,Alberta,203012,cro-pufferz-grape-gas-disposable-vape-hybrid-1-g-spinach,Pufferz Grape Gas Disposable Vape,Spinach,Vapes,1 g,https://cannacabana.com/products/cro-pufferz-grape-gas-disposable-vape-hybrid-1-g-spinach?sID=3528,35.99,,29.90,1,1,In Stock,.,,Calgary,ok,,3528,1.0,10.0,35.99,29.52,4.0,"10,,35.99,each,98.10,0.60,4.00,632:203012",
20260816T234023Z,2026-08-16T23:43:57+00:00,3115,Canyon Meadows,Calgary,Alberta,203012,cro-pufferz-grape-gas-disposable-vape-hybrid-1-g-spinach,Pufferz Grape Gas Disposable Vape,Spinach,Vapes,1 g,https://cannacabana.com/products/cro-pufferz-grape-gas-disposable-vape-hybrid-1-g-spinach?sID=3115,35.99,,29.90,1,1,In Stock,.,,Calgary,ok,,3115,1.0,12.0,35.99,29.9,4.0,"12,0.00,35.99,each,98.10,0.60,4.00,599:203012",
20260816T234023Z,2026-08-16T23:44:04+00:00,9147,Castleridge,Calgary,Alberta,203012,cro-pufferz-grape-gas-disposable-vape-hybrid-1-g-spinach,Pufferz Grape Gas Disposable Vape,Spinach,Vapes,1 g,https://cannacabana.com/products/cro-pufferz-grape-gas-disposable-vape-hybrid-1-g-spinach?sID=9147,35.99,,29.90,1,1,In Stock,.,,Calgary,ok,,9147,1.0,20.0,35.99,28.44,4.0,"20,,35.99,each,98.10,0.60,4.00,525:203012",
20260816T234023Z,2026-08-16T23:44:13+00:00,3158,Crowfoot,Calgary,Alberta,203012,cro-pufferz-grape-gas-disposable-vape-hybrid-1-g-spinach,Pufferz Grape Gas Disposable Vape,Spinach,Vapes,1 g,https://cannacabana.com/products/cro-pufferz-grape-gas-disposable-vape-hybrid-1-g-spinach?sID=3158,35.99,,29.90,1,1,In Stock,.,,Calgary,ok,,3158,1.0,5.0,35.99,28.79,4.0,"5,,35.99,each,98.10,0.60,4.00,570:203012",
20260816T234023Z,2026-08-16T23:45:10+00:00,3130,District,Calgary,Alberta,203012,cro-pufferz-grape-gas-disposable-vape-hybrid-1-g-spinach,Pufferz Grape Gas Disposable Vape,Spinach,Vapes,1 g,https://cannacabana.com/products/cro-pufferz-grape-gas-disposable-vape-hybrid-1-g-spinach?sID=3130,35.99,,29.90,1,1,In Stock,.,,Calgary,ok,,3130,1.0,3.0,35.99,29.52,4.0,"3,0.00,35.99,each,98.10,0.60,4.00,588:203012",
20260816T234023Z,2026-08-16T23:45:19+00:00,8220,Douglasdale,Calgary,Alberta,203012,cro-pufferz-grape-gas-disposable-vape-hybrid-1-g-spinach,Pufferz Grape Gas Disposable Vape,Spinach,Vapes,1 g,https://cannacabana.com/products/cro-pufferz-grape-gas-disposable-vape-hybrid-1-g-spinach?sID=8220,35.99,,29.90,1,1,In Stock,.,,Calgary,ok,,8220,1.0,8.0,35.99,29.9,4.0,"8,,35.99,each,98.10,0.60,4.00,822:203012",
20260816T234023Z,2026-08-16T23:45:26+00:00,3170,East Lake,Calgary,Alberta,203012,cro-pufferz-grape-gas-disposable-vape-hybrid-1-g-spinach,Pufferz Grape Gas Disposable Vape,Spinach,Vapes,1 g,https://cannacabana.com/products/cro-pufferz-grape-gas-disposable-vape-hybrid-1-g-spinach?sID=3170,35.99,,29.90,0,1,Sold Out,.,,Calgary,ok,,3170,1.0,0.0,35.99,29.9,4.0,"0,0.00,35.99,each,98.10,0.60,4.00,589:203012",
20260816T234023Z,2026-08-16T23:46:23+00:00,3160,Edmonton Trail,Calgary,Alberta,203012,cro-pufferz-grape-gas-disposable-vape-hybrid-1-g-spinach,Pufferz Grape Gas Disposable Vape,Spinach,Vapes,1 g,https://cannacabana.com/products/cro-pufferz-grape-gas-disposable-vape-hybrid-1-g-spinach?sID=3160,35.99,,29.90,1,1,In Stock,.,,Calgary,ok,,3160,1.0,4.0,35.99,29.15,4.0,"4,,35.99,each,98.10,0.60,4.00,600:203012",
20260816T234023Z,2026-08-16T23:46:32+00:00,3116,Elbow Drive,Calgary,Alberta,203012,cro-pufferz-grape-gas-disposable-vape-hybrid-1-g-spinach,Pufferz Grape Gas Disposable Vape,Spinach,Vapes,1 g,https://cannacabana.com/products/cro-pufferz-grape-gas-disposable-vape-hybrid-1-g-spinach?sID=3116,35.99,,29.90,1,1,In Stock,.,,Calgary,ok,,3116,1.0,6.0,35.99,29.52,4.0,"6,,35.99,each,98.10,0.60,4.00,601:203012",
20260816T234023Z,2026-08-16T23:46:39+00:00,9148,Falconridge,Calgary,Alberta,203012,cro-pufferz-grape-gas-disposable-vape-hybrid-1-g-spinach,Pufferz Grape Gas Disposable Vape,Spinach,Vapes,1 g,https://cannacabana.com/products/cro-pufferz-grape-gas-disposable-vape-hybrid-1-g-spinach?sID=9148,35.99,,29.90,1,1,In Stock,.,,Calgary,ok,,9148,1.0,6.0,35.99,28.44,4.0,"6,0.00,35.99,each,98.10,0.60,4.00,549:203012",
20260816T234023Z,2026-08-16T23:47:37+00:00,3159,Kensington,Calgary,Alberta,203012,cro-pufferz-grape-gas-disposable-vape-hybrid-1-g-spinach,Pufferz Grape Gas Disposable Vape,Spinach,Vapes,1 g,https://cannacabana.com/products/cro-pufferz-grape-gas-disposable-vape-hybrid-1-g-spinach?sID=3159,35.99,,29.90,1,1,In Stock,.,,Calgary,ok,,3159,1.0,10.0,35.99,28.79,4.0,"10,0.00,35.99,each,98.10,0.60,4.00,667:203012",
20260816T234023Z,2026-08-16T23:47:46+00:00,3414,Kingsland,Calgary,Alberta,203012,cro-pufferz-grape-gas-disposable-vape-hybrid-1-g-spinach,Pufferz Grape Gas Disposable Vape,Spinach,Vapes,1 g,https://cannacabana.com/products/cro-pufferz-grape-gas-disposable-vape-hybrid-1-g-spinach?sID=3414,35.99,,29.90,1,1,In Stock,.,,Calgary,ok,,3414,1.0,5.0,35.99,29.52,4.0,"5,,35.99,each,98.10,0.60,4.00,625:203012",
20260816T234023Z,2026-08-16T23:47:54+00:00,8580,MacEwan,Calgary,Alberta,203012,cro-pufferz-grape-gas-disposable-vape-hybrid-1-g-spinach,Pufferz Grape Gas Disposable Vape,Spinach,Vapes,1 g,https://cannacabana.com/products/cro-pufferz-grape-gas-disposable-vape-hybrid-1-g-spinach?sID=8580,35.99,,29.90,1,1,In Stock,.,,Calgary,ok,,8580,1.0,12.0,35.99,26.2,4.0,"12,0.00,35.99,each,98.10,0.60,4.00,858:203012",
20260816T234023Z,2026-08-16T23:48:01+00:00,3192,Midnapore,Calgary,Alberta,203012,cro-pufferz-grape-gas-disposable-vape-hybrid-1-g-spinach,Pufferz Grape Gas Disposable Vape,Spinach,Vapes,1 g,https://cannacabana.com/products/cro-pufferz-grape-gas-disposable-vape-hybrid-1-g-spinach?sID=3192,35.99,,29.90,1,1,In Stock,.,,Calgary,ok,,3192,1.0,2.0,35.99,28.44,4.0,"2,,35.99,each,98.10,0.60,4.00,520:203012",
20260816T234023Z,2026-08-16T23:48:37+00:00,3194,North Hill,Calgary,Alberta,203012,cro-pufferz-grape-gas-disposable-vape-hybrid-1-g-spinach,Pufferz Grape Gas Disposable Vape,Spinach,Vapes,1 g,https://cannacabana.com/products/cro-pufferz-grape-gas-disposable-vape-hybrid-1-g-spinach?sID=3194,35.99,,29.90,1,1,In Stock,.,,"North Hill, Calgary",ok,,3194,1.0,17.0,35.99,28.79,4.0,"17,,35.99,each,98.10,0.60,4.00,546:203012",
20260816T234023Z,2026-08-16T23:48:44+00:00,8480,Ogden,Calgary,Alberta,203012,cro-pufferz-grape-gas-disposable-vape-hybrid-1-g-spinach,Pufferz Grape Gas Disposable Vape,Spinach,Vapes,1 g,https://cannacabana.com/products/cro-pufferz-grape-gas-disposable-vape-hybrid-1-g-spinach?sID=8480,35.99,,29.90,1,1,In Stock,.,,Calgary,ok,,8480,1.0,11.0,35.99,27.12,4.0,"11,,35.99,each,98.10,0.60,4.00,848:203012",
20260816T234023Z,2026-08-16T23:48:51+00:00,3184,Roxboro,Calgary,Alberta,203012,cro-pufferz-grape-gas-disposable-vape-hybrid-1-g-spinach,Pufferz Grape Gas Disposable Vape,Spinach,Vapes,1 g,https://cannacabana.com/products/cro-pufferz-grape-gas-disposable-vape-hybrid-1-g-spinach?sID=3184,35.99,,29.90,1,1,In Stock,.,,Calgary,ok,,3184,1.0,7.0,35.99,29.9,4.0,"7,0.00,35.99,each,98.10,0.60,4.00,522:203012",
20260816T234023Z,2026-08-16T23:49:52+00:00,3169,Silverado,Calgary,Alberta,203012,cro-pufferz-grape-gas-disposable-vape-hybrid-1-g-spinach,Pufferz Grape Gas Disposable Vape,Spinach,Vapes,1 g,https://cannacabana.com/products/cro-pufferz-grape-gas-disposable-vape-hybrid-1-g-spinach?sID=3169,35.99,,29.90,1,1,In Stock,.,,Calgary,ok,,3169,1.0,4.0,35.99,28.44,4.0,"4,,35.99,each,98.10,0.60,4.00,590:203012",
20260816T234023Z,2026-08-16T23:50:00+00:00,3174,Southland,Calgary,Alberta,203012,cro-pufferz-grape-gas-disposable-vape-hybrid-1-g-spinach,Pufferz Grape Gas Disposable Vape,Spinach,Vapes,1 g,https://cannacabana.com/products/cro-pufferz-grape-gas-disposable-vape-hybrid-1-g-spinach?sID=3174,35.99,,29.90,1,1,In Stock,.,,Calgary,ok,,3174,1.0,5.0,35.99,29.52,4.0,"5,,35.99,each,98.10,0.60,4.00,521:203012",
20260816T234023Z,2026-08-16T23:50:07+00:00,3146,Sunridge,Calgary,Alberta,203012,cro-pufferz-grape-gas-disposable-vape-hybrid-1-g-spinach,Pufferz Grape Gas Disposable Vape,Spinach,Vapes,1 g,https://cannacabana.com/products/cro-pufferz-grape-gas-disposable-vape-hybrid-1-g-spinach?sID=3146,35.99,,29.90,1,1,In Stock,.,,Calgary,ok,,3146,1.0,9.0,35.99,29.52,4.0,"9,0.00,35.99,each,98.10,0.60,4.00,548:203012",
20260816T234023Z,2026-08-16T23:51:05+00:00,3144,Vista Heights,Calgary,Alberta,203012,cro-pufferz-grape-gas-disposable-vape-hybrid-1-g-spinach,Pufferz Grape Gas Disposable Vape,Spinach,Vapes,1 g,https://cannacabana.com/products/cro-pufferz-grape-gas-disposable-vape-hybrid-1-g-spinach?sID=3144,35.99,,29.90,1,1,In Stock,.,,Calgary,ok,,3144,1.0,4.0,35.99,29.52,4.0,"4,,35.99,each,98.10,0.60,4.00,523:203012",
20260816T234023Z,2026-08-16T23:51:11+00:00,8320,West Springs,Calgary,Alberta,203012,cro-pufferz-grape-gas-disposable-vape-hybrid-1-g-spinach,Pufferz Grape Gas Disposable Vape,Spinach,Vapes,1 g,https://cannacabana.com/products/cro-pufferz-grape-gas-disposable-vape-hybrid-1-g-spinach?sID=8320,35.99,,29.90,1,1,In Stock,.,,Calgary,ok,,8320,1.0,17.0,35.99,27.76,4.0,"17,0.00,35.99,each,98.10,0.60,4.00,832:203012",
20260816T234023Z,2026-08-16T23:51:18+00:00,3175,Westbrook,Calgary,Alberta,203012,cro-pufferz-grape-gas-disposable-vape-hybrid-1-g-spinach,Pufferz Grape Gas Disposable Vape,Spinach,Vapes,1 g,https://cannacabana.com/products/cro-pufferz-grape-gas-disposable-vape-hybrid-1-g-spinach?sID=3175,35.99,,29.90,1,1,In Stock,.,,Calgary,ok,,3175,1.0,7.0,35.99,28.44,4.0,"7,,35.99,each,98.10,0.60,4.00,506:203012",
20260816T234023Z,2026-08-16T23:52:17+00:00,3133,Camrose,Camrose,Alberta,203012,cro-pufferz-grape-gas-disposable-vape-hybrid-1-g-spinach,Pufferz Grape Gas Disposable Vape,Spinach,Vapes,1 g,https://cannacabana.com/products/cro-pufferz-grape-gas-disposable-vape-hybrid-1-g-spinach?sID=3133,35.99,,29.90,1,1,In Stock,.,,Camrose,ok,,3133,1.0,7.0,35.99,29.9,4.0,"7,,35.99,each,98.10,0.60,4.00,637:203012",
20260816T234023Z,2026-08-16T23:52:25+00:00,3117,Canmore,Canmore,Alberta,203012,cro-pufferz-grape-gas-disposable-vape-hybrid-1-g-spinach,Pufferz Grape Gas Disposable Vape,Spinach,Vapes,1 g,https://cannacabana.com/products/cro-pufferz-grape-gas-disposable-vape-hybrid-1-g-spinach?sID=3117,35.99,,29.90,1,1,In Stock,.,,Canmore,ok,,3117,1.0,6.0,35.99,27.44,4.0,"6,0.00,35.99,each,98.10,0.60,4.00,591:203012",
20260816T234023Z,2026-08-16T23:52:34+00:00,8160,Cochrane,Cochrane,Alberta,203012,cro-pufferz-grape-gas-disposable-vape-hybrid-1-g-spinach,Pufferz Grape Gas Disposable Vape,Spinach,Vapes,1 g,https://cannacabana.com/products/cro-pufferz-grape-gas-disposable-vape-hybrid-1-g-spinach?sID=8160,35.99,,29.90,1,1,In Stock,.,,Cochrane,ok,,8160,1.0,7.0,35.99,28.79,4.0,"7,,35.99,each,98.10,0.60,4.00,816:203012",
20260816T234023Z,2026-08-16T23:52:41+00:00,8310,River Heights,Cochrane,Alberta,203012,cro-pufferz-grape-gas-disposable-vape-hybrid-1-g-spinach,Pufferz Grape Gas Disposable Vape,Spinach,Vapes,1 g,https://cannacabana.com/products/cro-pufferz-grape-gas-disposable-vape-hybrid-1-g-spinach?sID=8310,35.99,,29.90,1,1,In Stock,.,,Cochrane,ok,,8310,1.0,11.0,35.99,28.44,4.0,"11,0.00,35.99,each,98.10,0.60,4.00,831:203012",
20260816T234023Z,2026-08-16T23:52:50+00:00,4666,Cold Lake - 50th Avenue,Cold Lake,Alberta,203012,cro-pufferz-grape-gas-disposable-vape-hybrid-1-g-spinach,Pufferz Grape Gas Disposable Vape,Spinach,Vapes,1 g,https://cannacabana.com/products/cro-pufferz-grape-gas-disposable-vape-hybrid-1-g-spinach?sID=4666,35.99,,29.90,1,1,In Stock,.,,Cold Lake,ok,,4666,1.0,12.0,35.99,29.9,4.0,"12,0.00,35.99,each,98.10,0.60,4.00,688:203012",
20260816T234023Z,2026-08-16T23:52:58+00:00,4667,Cold Lake - 8th Avenue,Cold Lake,Alberta,203012,cro-pufferz-grape-gas-disposable-vape-hybrid-1-g-spinach,Pufferz Grape Gas Disposable Vape,Spinach,Vapes,1 g,https://cannacabana.com/products/cro-pufferz-grape-gas-disposable-vape-hybrid-1-g-spinach?sID=4667,35.99,,29.90,1,1,In Stock,.,,Cold Lake,ok,,4667,1.0,10.0,35.99,29.9,4.0,"10,,35.99,each,98.10,0.60,4.00,689:203012",
20260816T234023Z,2026-08-16T23:53:07+00:00,8370,Drayton Valley,Drayton Valley,Alberta,203012,cro-pufferz-grape-gas-disposable-vape-hybrid-1-g-spinach,Pufferz Grape Gas Disposable Vape,Spinach,Vapes,1 g,https://cannacabana.com/products/cro-pufferz-grape-gas-disposable-vape-hybrid-1-g-spinach?sID=8370,35.99,,29.90,1,1,In Stock,.,,Drayton Valley,ok,,8370,1.0,8.0,35.99,28.44,4.0,"8,0.00,35.99,each,98.10,0.60,4.00,837:203012",
20260816T234023Z,2026-08-16T23:53:14+00:00,4668,Drumheller,Drumheller,Alberta,203012,cro-pufferz-grape-gas-disposable-vape-hybrid-1-g-spinach,Pufferz Grape Gas Disposable Vape,Spinach,Vapes,1 g,https://cannacabana.com/products/cro-pufferz-grape-gas-disposable-vape-hybrid-1-g-spinach?sID=4668,35.99,,29.90,1,1,In Stock,.,,Drumheller,ok,,4668,1.0,2.0,35.99,29.9,4.0,"2,,35.99,each,98.10,0.60,4.00,690:203012",
20260816T234023Z,2026-08-16T23:53:20+00:00,3157,111th Avenue,Edmonton,Alberta,203012,cro-pufferz-grape-gas-disposable-vape-hybrid-1-g-spinach,Pufferz Grape Gas Disposable Vape,Spinach,Vapes,1 g,https://cannacabana.com/products/cro-pufferz-grape-gas-disposable-vape-hybrid-1-g-spinach?sID=3157,35.99,,29.90,1,1,In Stock,.,,Edmonton,ok,,3157,1.0,8.0,35.99,29.9,4.0,"8,,35.99,each,98.10,0.60,4.00,573:203012",
20260816T234023Z,2026-08-16T23:53:29+00:00,5337,114th Street,Edmonton,Alberta,203012,cro-pufferz-grape-gas-disposable-vape-hybrid-1-g-spinach,Pufferz Grape Gas Disposable Vape,Spinach,Vapes,1 g,https://cannacabana.com/products/cro-pufferz-grape-gas-disposable-vape-hybrid-1-g-spinach?sID=5337,35.99,,29.90,1,1,In Stock,.,,Edmonton,ok,,5337,1.0,9.0,35.99,29.9,4.0,"9,0.00,35.99,each,98.10,0.60,4.00,709:203012",
20260816T234023Z,2026-08-16T23:53:37+00:00,3125,124th Street,Edmonton,Alberta,203012,cro-pufferz-grape-gas-disposable-vape-hybrid-1-g-spinach,Pufferz Grape Gas Disposable Vape,Spinach,Vapes,1 g,https://cannacabana.com/products/cro-pufferz-grape-gas-disposable-vape-hybrid-1-g-spinach?sID=3125,35.99,,29.90,1,1,In Stock,.,,Edmonton,ok,,3125,1.0,7.0,35.99,29.52,4.0,"7,0.00,35.99,each,98.10,0.60,4.00,574:203012",
20260816T234023Z,2026-08-16T23:53:44+00:00,3964,Bonnie Doon,Edmonton,Alberta,203012,cro-pufferz-grape-gas-disposable-vape-hybrid-1-g-spinach,Pufferz Grape Gas Disposable Vape,Spinach,Vapes,1 g,https://cannacabana.com/products/cro-pufferz-grape-gas-disposable-vape-hybrid-1-g-spinach?sID=3964,35.99,,29.90,1,1,In Stock,.,,Edmonton,ok,,3964,1.0,3.0,35.99,29.9,4.0,"3,,35.99,each,98.10,0.60,4.00,651:203012",
20260816T234023Z,2026-08-16T23:53:50+00:00,3183,Ellerslie,Edmonton,Alberta,203012,cro-pufferz-grape-gas-disposable-vape-hybrid-1-g-spinach,Pufferz Grape Gas Disposable Vape,Spinach,Vapes,1 g,https://cannacabana.com/products/cro-pufferz-grape-gas-disposable-vape-hybrid-1-g-spinach?sID=3183,35.99,,29.90,1,1,In Stock,.,,Edmonton,ok,,3183,1.0,3.0,35.99,29.9,4.0,"3,0.00,35.99,each,98.10,0.60,4.00,518:203012",
20260816T234023Z,2026-08-16T23:53:59+00:00,3120,Jasper Avenue,Edmonton,Alberta,203012,cro-pufferz-grape-gas-disposable-vape-hybrid-1-g-spinach,Pufferz Grape Gas Disposable Vape,Spinach,Vapes,1 g,https://cannacabana.com/products/cro-pufferz-grape-gas-disposable-vape-hybrid-1-g-spinach?sID=3120,35.99,,29.90,1,1,In Stock,.,,Edmonton,ok,,3120,1.0,9.0,35.99,29.9,4.0,"9,,35.99,each,98.10,0.60,4.00,575:203012",
20260816T234023Z,2026-08-16T23:54:06+00:00,3178,Kennedale,Edmonton,Alberta,203012,cro-pufferz-grape-gas-disposable-vape-hybrid-1-g-spinach,Pufferz Grape Gas Disposable Vape,Spinach,Vapes,1 g,https://cannacabana.com/products/cro-pufferz-grape-gas-disposable-vape-hybrid-1-g-spinach?sID=3178,35.99,,29.90,1,1,In Stock,.,,Edmonton,ok,,3178,1.0,11.0,35.99,29.52,4.0,"11,,35.99,each,98.10,0.60,4.00,519:203012",
20260816T234023Z,2026-08-16T23:54:13+00:00,3177,Meadowlark,Edmonton,Alberta,203012,cro-pufferz-grape-gas-disposable-vape-hybrid-1-g-spinach,Pufferz Grape Gas Disposable Vape,Spinach,Vapes,1 g,https://cannacabana.com/products/cro-pufferz-grape-gas-disposable-vape-hybrid-1-g-spinach?sID=3177,35.99,,29.90,1,1,In Stock,.,,Edmonton,ok,,3177,1.0,12.0,35.99,29.52,4.0,"12,,35.99,each,98.10,0.60,4.00,526:203012",
20260816T234023Z,2026-08-16T23:54:20+00:00,3126,Parsons Road,Edmonton,Alberta,203012,cro-pufferz-grape-gas-disposable-vape-hybrid-1-g-spinach,Pufferz Grape Gas Disposable Vape,Spinach,Vapes,1 g,https://cannacabana.com/products/cro-pufferz-grape-gas-disposable-vape-hybrid-1-g-spinach?sID=3126,35.99,,29.90,1,1,In Stock,.,,Edmonton,ok,,3126,1.0,5.0,35.99,29.15,4.0,"5,,35.99,each,98.10,0.60,4.00,576:203012",
20260816T234023Z,2026-08-16T23:54:28+00:00,3118,Edson,Edson,Alberta,203012,cro-pufferz-grape-gas-disposable-vape-hybrid-1-g-spinach,Pufferz Grape Gas Disposable Vape,Spinach,Vapes,1 g,https://cannacabana.com/products/cro-pufferz-grape-gas-disposable-vape-hybrid-1-g-spinach?sID=3118,35.99,,29.90,1,1,In Stock,.,,Edson,ok,,3118,1.0,3.0,35.99,29.52,4.0,"3,0.00,35.99,each,98.10,0.60,4.00,592:203012",
20260816T234023Z,2026-08-16T23:54:35+00:00,5794,Fort McMurray,Fort McMurray,Alberta,203012,cro-pufferz-grape-gas-disposable-vape-hybrid-1-g-spinach,Pufferz Grape Gas Disposable Vape,Spinach,Vapes,1 g,https://cannacabana.com/products/cro-pufferz-grape-gas-disposable-vape-hybrid-1-g-spinach?sID=5794,35.99,,29.90,1,1,In Stock,.,,Fort McMurray,ok,,5794,1.0,7.0,35.99,29.9,4.0,"7,0.00,35.99,each,98.10,0.60,4.00,720:203012",
20260816T234023Z,2026-08-16T23:54:41+00:00,8420,Haxton,Fort McMurray,Alberta,203012,cro-pufferz-grape-gas-disposable-vape-hybrid-1-g-spinach,Pufferz Grape Gas Disposable Vape,Spinach,Vapes,1 g,https://cannacabana.com/products/cro-pufferz-grape-gas-disposable-vape-hybrid-1-g-spinach?sID=8420,35.99,,29.90,1,1,In Stock,.,,Fort McMurray,ok,,8420,1.0,8.0,35.99,28.1,4.0,"8,0.00,35.99,each,98.10,0.60,4.00,842:203012",
20260816T234023Z,2026-08-16T23:54:49+00:00,3127,Fort Saskatchewan,Fort Saskatchewan,Alberta,203012,cro-pufferz-grape-gas-disposable-vape-hybrid-1-g-spinach,Pufferz Grape Gas Disposable Vape,Spinach,Vapes,1 g,https://cannacabana.com/products/cro-pufferz-grape-gas-disposable-vape-hybrid-1-g-spinach?sID=3127,35.99,,29.90,1,1,In Stock,.,,Fort Saskatchewan,ok,,3127,1.0,10.0,35.99,29.9,4.0,"10,0.00,35.99,each,98.10,0.60,4.00,577:203012",
20260816T234023Z,2026-08-16T23:54:57+00:00,3413,Grande Prairie,Grand Prairie,Alberta,203012,cro-pufferz-grape-gas-disposable-vape-hybrid-1-g-spinach,Pufferz Grape Gas Disposable Vape,Spinach,Vapes,1 g,https://cannacabana.com/products/cro-pufferz-grape-gas-disposable-vape-hybrid-1-g-spinach?sID=3413,35.99,,29.90,1,1,In Stock,.,,Grand Prairie,ok,,3413,1.0,15.0,35.99,29.9,4.0,"15,0.00,35.99,each,98.10,0.60,4.00,578:203012",
20260816T234023Z,2026-08-16T23:55:04+00:00,3801,Grande Prairie - 100 AVE,Grande Prairie,Alberta,203012,cro-pufferz-grape-gas-disposable-vape-hybrid-1-g-spinach,Pufferz Grape Gas Disposable Vape,Spinach,Vapes,1 g,https://cannacabana.com/products/cro-pufferz-grape-gas-disposable-vape-hybrid-1-g-spinach?sID=3801,35.99,,29.90,1,1,In Stock,.,,Grande Prairie,ok,,3801,1.0,10.0,35.99,29.9,4.0,"10,,35.99,each,98.10,0.60,4.00,660:203012",
20260816T234023Z,2026-08-16T23:55:11+00:00,5336,Prairie Mall,Grande Prairie,Alberta,203012,cro-pufferz-grape-gas-disposable-vape-hybrid-1-g-spinach,Pufferz Grape Gas Disposable Vape,Spinach,Vapes,1 g,https://cannacabana.com/products/cro-pufferz-grape-gas-disposable-vape-hybrid-1-g-spinach?sID=5336,35.99,,29.90,1,1,In Stock,.,,Grande Prairie,ok,,5336,1.0,16.0,35.99,29.9,4.0,"16,0.00,35.99,each,98.10,0.60,4.00,710:203012",
20260816T234023Z,2026-08-16T23:55:19+00:00,8150,Hinton,Hinton,Alberta,203012,cro-pufferz-grape-gas-disposable-vape-hybrid-1-g-spinach,Pufferz Grape Gas Disposable Vape,Spinach,Vapes,1 g,https://cannacabana.com/products/cro-pufferz-grape-gas-disposable-vape-hybrid-1-g-spinach?sID=8150,35.99,,29.90,1,1,In Stock,.,,Hinton,ok,,8150,1.0,14.0,35.99,29.15,4.0,"14,0.00,35.99,each,98.10,0.60,4.00,815:203012",
20260816T234023Z,2026-08-16T23:55:27+00:00,3124,Lacombe,Lacombe,Alberta,203012,cro-pufferz-grape-gas-disposable-vape-hybrid-1-g-spinach,Pufferz Grape Gas Disposable Vape,Spinach,Vapes,1 g,https://cannacabana.com/products/cro-pufferz-grape-gas-disposable-vape-hybrid-1-g-spinach?sID=3124,35.99,,29.90,1,1,In Stock,.,,Lacombe,ok,,3124,1.0,9.0,35.99,28.79,4.0,"9,,35.99,each,98.10,0.60,4.00,579:203012",
20260816T234023Z,2026-08-16T23:55:36+00:00,3142,Leduc,Leduc,Alberta,203012,cro-pufferz-grape-gas-disposable-vape-hybrid-1-g-spinach,Pufferz Grape Gas Disposable Vape,Spinach,Vapes,1 g,https://cannacabana.com/products/cro-pufferz-grape-gas-disposable-vape-hybrid-1-g-spinach?sID=3142,35.99,,29.90,1,1,In Stock,.,,Leduc,ok,,3142,1.0,2.0,35.99,29.9,4.0,"2,,35.99,each,98.10,0.60,4.00,535:203012",
20260816T234023Z,2026-08-16T23:55:45+00:00,3161,Lethbridge – Southgate,Lethbridge,Alberta,203012,cro-pufferz-grape-gas-disposable-vape-hybrid-1-g-spinach,Pufferz Grape Gas Disposable Vape,Spinach,Vapes,1 g,https://cannacabana.com/products/cro-pufferz-grape-gas-disposable-vape-hybrid-1-g-spinach?sID=3161,35.99,,29.90,1,1,In Stock,.,,Lethbridge,ok,,3161,1.0,3.0,35.99,29.52,4.0,"3,,35.99,each,98.10,0.60,4.00,580:203012",
20260816T234023Z,2026-08-16T23:55:52+00:00,9492,Mayor Magrath,Lethbridge,Alberta,203012,cro-pufferz-grape-gas-disposable-vape-hybrid-1-g-spinach,Pufferz Grape Gas Disposable Vape,Spinach,Vapes,1 g,https://cannacabana.com/products/cro-pufferz-grape-gas-disposable-vape-hybrid-1-g-spinach?sID=9492,35.99,,29.90,1,1,In Stock,.,,Lethbridge,ok,,9492,1.0,14.0,35.99,29.52,4.0,"14,,35.99,each,98.10,0.60,4.00,627:203012",
20260816T234023Z,2026-08-16T23:55:58+00:00,3143,Westgate,Lethbridge,Alberta,203012,cro-pufferz-grape-gas-disposable-vape-hybrid-1-g-spinach,Pufferz Grape Gas Disposable Vape,Spinach,Vapes,1 g,https://cannacabana.com/products/cro-pufferz-grape-gas-disposable-vape-hybrid-1-g-spinach?sID=3143,35.99,,29.90,1,1,In Stock,.,,Lethbridge,ok,,3143,1.0,1.0,35.99,29.9,4.0,"1,0.00,35.99,each,98.10,0.60,4.00,517:203012",
20260816T234023Z,2026-08-16T23:56:08+00:00,3123,Lloydminster,Lloydminster,Alberta,203012,cro-pufferz-grape-gas-disposable-vape-hybrid-1-g-spinach,Pufferz Grape Gas Disposable Vape,Spinach,Vapes,1 g,https://cannacabana.com/products/cro-pufferz-grape-gas-disposable-vape-hybrid-1-g-spinach?sID=3123,35.99,,29.90,1,1,In Stock,.,,Lloydminster,ok,,3123,1.0,8.0,35.99,29.52,4.0,"8,,35.99,each,98.10,0.60,4.00,581:203012",
20260816T234023Z,2026-08-16T23:56:16+00:00,3412,Medicine Hat,Medicine Hat,Alberta,203012,cro-pufferz-grape-gas-disposable-vape-hybrid-1-g-spinach,Pufferz Grape Gas Disposable Vape,Spinach,Vapes,1 g,https://cannacabana.com/products/cro-pufferz-grape-gas-disposable-vape-hybrid-1-g-spinach?sID=3412,35.99,,29.90,1,1,In Stock,.,,Medicine Hat,ok,,3412,1.0,17.0,35.99,29.52,4.0,"17,0.00,35.99,each,98.10,0.60,4.00,622:203012",
20260816T234023Z,2026-08-16T23:56:25+00:00,3134,Medicine Hat - Dunmore,Medicine Hat,Alberta,203012,cro-pufferz-grape-gas-disposable-vape-hybrid-1-g-spinach,Pufferz Grape Gas Disposable Vape,Spinach,Vapes,1 g,https://cannacabana.com/products/cro-pufferz-grape-gas-disposable-vape-hybrid-1-g-spinach?sID=3134,35.99,,29.90,1,1,In Stock,.,,Medicine Hat,ok,,3134,1.0,15.0,35.99,29.15,4.0,"15,0.00,35.99,each,98.10,0.60,4.00,638:203012",
20260816T234023Z,2026-08-16T23:56:34+00:00,3132,Morinville,Morinville,Alberta,203012,cro-pufferz-grape-gas-disposable-vape-hybrid-1-g-spinach,Pufferz Grape Gas Disposable Vape,Spinach,Vapes,1 g,https://cannacabana.com/products/cro-pufferz-grape-gas-disposable-vape-hybrid-1-g-spinach?sID=3132,35.99,,29.90,1,1,In Stock,.,,Morinville,ok,,3132,1.0,7.0,35.99,31.09,4.0,"7,0.00,35.99,each,98.10,0.60,4.00,639:203012",
20260816T234023Z,2026-08-16T23:56:41+00:00,3162,Okotoks,Okotoks,Alberta,203012,cro-pufferz-grape-gas-disposable-vape-hybrid-1-g-spinach,Pufferz Grape Gas Disposable Vape,Spinach,Vapes,1 g,https://cannacabana.com/products/cro-pufferz-grape-gas-disposable-vape-hybrid-1-g-spinach?sID=3162,35.99,,29.90,1,1,In Stock,.,,Okotoks,ok,,3162,1.0,1.0,35.99,29.52,4.0,"1,,35.99,each,98.10,0.60,4.00,594:203012",
20260816T234023Z,2026-08-16T23:56:49+00:00,3153,Olds,Olds,Alberta,203012,cro-pufferz-grape-gas-disposable-vape-hybrid-1-g-spinach,Pufferz Grape Gas Disposable Vape,Spinach,Vapes,1 g,https://cannacabana.com/products/cro-pufferz-grape-gas-disposable-vape-hybrid-1-g-spinach?sID=3153,35.99,,29.90,1,1,In Stock,.,,Olds,ok,,3153,1.0,7.0,35.99,27.76,4.0,"7,,35.99,each,98.10,0.60,4.00,582:203012",
20260816T234023Z,2026-08-16T23:56:56+00:00,4418,Gasoline Alley,Red Deer,Alberta,203012,cro-pufferz-grape-gas-disposable-vape-hybrid-1-g-spinach,Pufferz Grape Gas Disposable Vape,Spinach,Vapes,1 g,https://cannacabana.com/products/cro-pufferz-grape-gas-disposable-vape-hybrid-1-g-spinach?sID=4418,35.99,,29.90,0,1,Sold Out,.,,Red Deer,ok,,4418,1.0,0.0,35.99,28.79,4.0,"0,0.00,35.99,each,98.10,0.60,4.00,666:203012",
20260816T234023Z,2026-08-16T23:57:04+00:00,3129,Red Deer Gaetz,Red Deer,Alberta,203012,cro-pufferz-grape-gas-disposable-vape-hybrid-1-g-spinach,Pufferz Grape Gas Disposable Vape,Spinach,Vapes,1 g,https://cannacabana.com/products/cro-pufferz-grape-gas-disposable-vape-hybrid-1-g-spinach?sID=3129,35.99,,29.90,1,1,In Stock,.,,Red Deer,ok,,3129,1.0,4.0,35.99,28.44,4.0,"4,0.00,35.99,each,98.10,0.60,4.00,583:203012",
20260816T234023Z,2026-08-16T23:57:10+00:00,8340,Sherwood Drive,Sherwood Park,Alberta,203012,cro-pufferz-grape-gas-disposable-vape-hybrid-1-g-spinach,Pufferz Grape Gas Disposable Vape,Spinach,Vapes,1 g,https://cannacabana.com/products/cro-pufferz-grape-gas-disposable-vape-hybrid-1-g-spinach?sID=8340,35.99,,29.90,1,1,In Stock,.,,Sherwood Park,ok,,8340,1.0,1.0,35.99,27.76,4.0,"1,,35.99,each,98.10,0.60,4.00,834:203012",
20260816T234023Z,2026-08-16T23:57:19+00:00,4590,Sherwood Park,Sherwood Park,Alberta,203012,cro-pufferz-grape-gas-disposable-vape-hybrid-1-g-spinach,Pufferz Grape Gas Disposable Vape,Spinach,Vapes,1 g,https://cannacabana.com/products/cro-pufferz-grape-gas-disposable-vape-hybrid-1-g-spinach?sID=4590,35.99,,29.90,1,1,In Stock,.,,Sherwood Park,ok,,4590,1.0,9.0,35.99,27.44,4.0,"9,0.00,35.99,each,98.10,0.60,4.00,678:203012",
20260816T234023Z,2026-08-16T23:57:26+00:00,4565,Slave Lake,Slave Lake,Alberta,203012,cro-pufferz-grape-gas-disposable-vape-hybrid-1-g-spinach,Pufferz Grape Gas Disposable Vape,Spinach,Vapes,1 g,https://cannacabana.com/products/cro-pufferz-grape-gas-disposable-vape-hybrid-1-g-spinach?sID=4565,35.99,,29.90,1,1,In Stock,.,,Slave Lake,ok,,4565,1.0,13.0,35.99,29.9,4.0,"13,,35.99,each,98.10,0.60,4.00,674:203012",
20260816T234023Z,2026-08-16T23:57:43+00:00,3156,St. Albert,St. Albert,Alberta,203012,cro-pufferz-grape-gas-disposable-vape-hybrid-1-g-spinach,Pufferz Grape Gas Disposable Vape,Spinach,Vapes,1 g,https://cannacabana.com/products/cro-pufferz-grape-gas-disposable-vape-hybrid-1-g-spinach?sID=3156,35.99,,29.90,1,1,In Stock,.,,St. Albert,ok,,3156,1.0,6.0,35.99,29.9,4.0,"6,,35.99,each,98.10,0.60,4.00,584:203012",
20260816T234023Z,2026-08-16T23:57:51+00:00,4564,St. Paul,St. Paul,Alberta,203012,cro-pufferz-grape-gas-disposable-vape-hybrid-1-g-spinach,Pufferz Grape Gas Disposable Vape,Spinach,Vapes,1 g,https://cannacabana.com/products/cro-pufferz-grape-gas-disposable-vape-hybrid-1-g-spinach?sID=4564,35.99,,29.90,1,1,In Stock,.,,St. Paul,ok,,4564,1.0,10.0,35.99,29.52,4.0,"10,,35.99,each,98.10,0.60,4.00,675:203012",
20260816T234023Z,2026-08-16T23:57:59+00:00,5793,Buffalo Run,Tsuut’ina ,Alberta,203012,cro-pufferz-grape-gas-disposable-vape-hybrid-1-g-spinach,Pufferz Grape Gas Disposable Vape,Spinach,Vapes,1 g,https://cannacabana.com/products/cro-pufferz-grape-gas-disposable-vape-hybrid-1-g-spinach?sID=5793,35.99,,29.90,0,1,Sold Out,.,,Tsuut’ina,ok,,5793,1.0,0.0,35.99,29.9,4.0,"0,0.00,35.99,each,98.10,0.60,4.00,716:203012",
20260816T234023Z,2026-08-16T23:58:08+00:00,3411,Vegreville,Vegreville,Alberta,203012,cro-pufferz-grape-gas-disposable-vape-hybrid-1-g-spinach,Pufferz Grape Gas Disposable Vape,Spinach,Vapes,1 g,https://cannacabana.com/products/cro-pufferz-grape-gas-disposable-vape-hybrid-1-g-spinach?sID=3411,35.99,,29.90,1,1,In Stock,.,,Vegreville,ok,,3411,1.0,18.0,35.99,26.8,4.0,"18,0.00,35.99,each,98.10,0.60,4.00,626:203012",
20260816T234023Z,2026-08-16T23:58:16+00:00,4669,Westlock,Westlock,Alberta,203012,cro-pufferz-grape-gas-disposable-vape-hybrid-1-g-spinach,Pufferz Grape Gas Disposable Vape,Spinach,Vapes,1 g,https://cannacabana.com/products/cro-pufferz-grape-gas-disposable-vape-hybrid-1-g-spinach?sID=4669,35.99,,29.90,1,1,In Stock,.,,Westlock,ok,,4669,1.0,9.0,35.99,31.95,4.0,"9,,35.99,each,98.10,0.60,4.00,691:203012",
20260816T234023Z,2026-08-16T23:58:23+00:00,3113,Whitecourt,Whitecourt,Alberta,203012,cro-pufferz-grape-gas-disposable-vape-hybrid-1-g-spinach,Pufferz Grape Gas Disposable Vape,Spinach,Vapes,1 g,https://cannacabana.com/products/cro-pufferz-grape-gas-disposable-vape-hybrid-1-g-spinach?sID=3113,35.99,,29.90,1,1,In Stock,.,,Whitecourt,ok,,3113,1.0,12.0,35.99,29.52,4.0,"12,0.00,35.99,each,98.10,0.60,4.00,585:203012",
20260816T234023Z,2026-08-16T23:59:11+00:00,8430,Bridlewood,Calgary,Alberta,203012,cro-pufferz-grape-gas-disposable-vape-hybrid-1-g-spinach,Pufferz Grape Gas Disposable Vape,Spinach,Vapes,1 g,https://cannacabana.com/products/cro-pufferz-grape-gas-disposable-vape-hybrid-1-g-spinach?sID=8430,35.99,,29.90,1,1,In Stock,.,,Calgary,ok,,8430,1.0,2.0,35.99,27.76,4.0,"2,0.00,35.99,each,98.10,0.60,4.00,843:203012",
20260816T234023Z,2026-08-16T23:59:20+00:00,5749,Calgary - Sage Hill,Calgary,Alberta,203012,cro-pufferz-grape-gas-disposable-vape-hybrid-1-g-spinach,Pufferz Grape Gas Disposable Vape,Spinach,Vapes,1 g,https://cannacabana.com/products/cro-pufferz-grape-gas-disposable-vape-hybrid-1-g-spinach?sID=5749,35.99,,29.90,1,1,In Stock,.,,Calgary,ok,,5749,1.0,8.0,35.99,29.52,4.0,"8,0.00,35.99,each,98.10,0.60,4.00,714:203012",
20260816T234023Z,2026-08-16T23:59:28+00:00,3187,Deer Valley,Calgary,Alberta,203012,cro-pufferz-grape-gas-disposable-vape-hybrid-1-g-spinach,Pufferz Grape Gas Disposable Vape,Spinach,Vapes,1 g,https://cannacabana.com/products/cro-pufferz-grape-gas-disposable-vape-hybrid-1-g-spinach?sID=3187,35.99,,29.90,1,1,In Stock,.,,Calgary,ok,,3187,1.0,1.0,35.99,29.9,4.0,"1,,35.99,each,98.10,0.60,4.00,507:203012",
20260816T234023Z,2026-08-16T23:59:34+00:00,3131,East Village,Calgary,Alberta,203012,cro-pufferz-grape-gas-disposable-vape-hybrid-1-g-spinach,Pufferz Grape Gas Disposable Vape,Spinach,Vapes,1 g,https://cannacabana.com/products/cro-pufferz-grape-gas-disposable-vape-hybrid-1-g-spinach?sID=3131,35.99,,29.90,1,1,In Stock,.,,Calgary,ok,,3131,1.0,6.0,35.99,28.44,4.0,"6,,35.99,each,98.10,0.60,4.00,572:203012",
20260816T234023Z,2026-08-17T00:00:12+00:00,3168,Haysboro,Calgary,Alberta,203012,cro-pufferz-grape-gas-disposable-vape-hybrid-1-g-spinach,Pufferz Grape Gas Disposable Vape,Spinach,Vapes,1 g,https://cannacabana.com/products/cro-pufferz-grape-gas-disposable-vape-hybrid-1-g-spinach?sID=3168,35.99,,29.90,1,1,In Stock,.,,"Haysboro, Calgary",ok,,,,9.0,35.99,29.52,4.0,"9,,35.99,each,98.10,0.60,4.00,586:203012",
20260816T234023Z,2026-08-17T00:00:28+00:00,3415,Shawnessy,Calgary,Alberta,203012,cro-pufferz-grape-gas-disposable-vape-hybrid-1-g-spinach,Pufferz Grape Gas Disposable Vape,Spinach,Vapes,1 g,https://cannacabana.com/products/cro-pufferz-grape-gas-disposable-vape-hybrid-1-g-spinach?sID=3415,35.99,,29.90,1,1,In Stock,.,,Calgary,ok,,3415,1.0,2.0,35.99,28.44,4.0,"2,0.00,35.99,each,98.10,0.60,4.00,613:203012",
20260816T234023Z,2026-08-17T00:00:35+00:00,3176,Varsity,Calgary,Alberta,203012,cro-pufferz-grape-gas-disposable-vape-hybrid-1-g-spinach,Pufferz Grape Gas Disposable Vape,Spinach,Vapes,1 g,https://cannacabana.com/products/cro-pufferz-grape-gas-disposable-vape-hybrid-1-g-spinach?sID=3176,35.99,,29.90,1,1,In Stock,.,,Calgary,ok,,3176,1.0,15.0,35.99,27.76,4.0,"15,,35.99,each,98.10,0.60,4.00,536:203012",
